{
    "0": {
        "inputLayerToHiddenLayer": {
            "0": {
                "0": 0.21941766406896668,
                "1": 0.08450065142783592,
                "2": 0.7469749708821645,
                "3": 0.23474698014332063,
                "4": 0.7882284804512548
            },
            "1": {
                "0": 0.8909777700113157,
                "1": 0.8118991087522186,
                "2": 0.8512421745531643,
                "3": 0.9746668467405598,
                "4": 0.531680456316303
            },
            "2": {
                "0": 0.4339486871379531,
                "1": 0.9552847741610002,
                "2": 0.8558663572644019,
                "3": 0.22134597146523727,
                "4": 0.1536522578766537
            },
            "3": {
                "0": 0.4549331067096972,
                "1": 0.5196985757213113,
                "2": 0.7620639744430316,
                "3": 0.7087916051923097,
                "4": 0.04757705793481293
            }
        },
        "hiddenLayerToOutput": {
            "0": 0.16070187056229468,
            "1": 0.5697636083425441,
            "2": 0.7131526709309558,
            "3": 0.018047274244877842,
            "4": 0.2844054705302904
        }
    },
    "1": {
        "inputLayerToHiddenLayer": {
            "0": {
                "0": 0.2959569935936627,
                "1": 0.305099006778778,
                "2": 0.29693803583562994,
                "3": 0.012394238127670154,
                "4": 0.846785578398373
            },
            "1": {
                "0": 0.3048709644508556,
                "1": 0.16650034080843756,
                "2": 0.9451365031722033,
                "3": 0.3152225790543043,
                "4": 0.25447548014761867
            },
            "2": {
                "0": 0.40767235006063773,
                "1": 0.07652891813740403,
                "2": 0.3816809341906182,
                "3": 0.9753789639606817,
                "4": 0.7389318599999566
            },
            "3": {
                "0": 0.19977511120358915,
                "1": 0.8671185977555417,
                "2": 0.12138507928355557,
                "3": 0.007336002198748415,
                "4": 0.20792963943717502
            }
        },
        "hiddenLayerToOutput": {
            "0": 0.03800280133496403,
            "1": 0.5328289596676362,
            "2": 0.3556760678457699,
            "3": 0.43296738121098644,
            "4": 0.3793288078706638
        }
    },
    "2": {
        "inputLayerToHiddenLayer": {
            "0": {
                "0": 0.397501932243731,
                "1": 0.017932739508983553,
                "2": 0.9902423209808627,
                "3": 0.264939145461383,
                "4": 0.6826055063155325
            },
            "1": {
                "0": 0.5050828614999054,
                "1": 0.47918689382165913,
                "2": 0.9558431058083823,
                "3": 0.2274519549364996,
                "4": 0.7230868430057639
            },
            "2": {
                "0": 0.3842059379399022,
                "1": 0.7643132141008381,
                "2": 0.9566840322564347,
                "3": 0.9003311374549083,
                "4": 0.7035396586197409
            },
            "3": {
                "0": 0.8306411869586435,
                "1": 0.522187746094357,
                "2": 0.8740369799835912,
                "3": 0.09465653500262328,
                "4": 0.014943759443117877
            }
        },
        "hiddenLayerToOutput": {
            "0": 0.7574955999326267,
            "1": 0.6972161433310707,
            "2": 0.040430881553665365,
            "3": 0.3830023224663469,
            "4": 0.5055387609150316
        }
    },
    "3": {
        "inputLayerToHiddenLayer": {
            "0": {
                "0": 0.3057622521163136,
                "1": 0.24509270978221376,
                "2": 0.7301809853115063,
                "3": 0.3578636126853366,
                "4": 0.5843873187535858
            },
            "1": {
                "0": 0.49026563609536244,
                "1": 0.046410228771318174,
                "2": 0.892055462764096,
                "3": 0.20762512233703334,
                "4": 0.5041889809211744
            },
            "2": {
                "0": 0.1892497850728383,
                "1": 0.4462511462142338,
                "2": 0.5491085580121794,
                "3": 0.6359547590051648,
                "4": 0.8403292042361014
            },
            "3": {
                "0": 0.3394257234463701,
                "1": 0.5118198963550966,
                "2": 0.7569117976617359,
                "3": 0.06486255409349928,
                "4": 0.6773126077727912
            }
        },
        "hiddenLayerToOutput": {
            "0": 0.7875453770563382,
            "1": 0.4284324004172262,
            "2": 0.378516154505924,
            "3": 0.5083340255217762,
            "4": 0.9588838273945658
        }
    },
    "4": {
        "inputLayerToHiddenLayer": {
            "0": {
                "0": 0.9366299524801005,
                "1": 0.9207059346300366,
                "2": 0.5608248627729682,
                "3": 0.16508702475529313,
                "4": 0.5843746952746923
            },
            "1": {
                "0": 0.34702623617076467,
                "1": 0.4830789051776022,
                "2": 0.7694983588102913,
                "3": 0.34349866340825363,
                "4": 0.7471405226374578
            },
            "2": {
                "0": 0.31680346678780646,
                "1": 0.031194766498467863,
                "2": 0.003704017130689463,
                "3": 0.8307109835075221,
                "4": 0.33929334012166146
            },
            "3": {
                "0": 0.6700632045623245,
                "1": 0.5535055017592172,
                "2": 0.17677302655384952,
                "3": 0.05031935645824159,
                "4": 0.18341881386227998
            }
        },
        "hiddenLayerToOutput": {
            "0": 0.9839604305504706,
            "1": 0.10087965588015957,
            "2": 0.8188817178702922,
            "3": 0.35219798567395677,
            "4": 0.6089253028451022
        }
    },
    "5": {
        "inputLayerToHiddenLayer": {
            "0": {
                "0": 0.10898100496555096,
                "1": 0.8692938803450128,
                "2": 0.9355841691932165,
                "3": 0.49025379129120816,
                "4": 0.5176845974162981
            },
            "1": {
                "0": 0.055994889706094675,
                "1": 0.12082299621752901,
                "2": 0.980338235608062,
                "3": 0.11716600051112502,
                "4": 0.6368456521869545
            },
            "2": {
                "0": 0.4679769476216502,
                "1": 0.31960567061606826,
                "2": 0.48712589968609743,
                "3": 0.9319627192659347,
                "4": 0.9105980334694784
            },
            "3": {
                "0": 0.057021310326901165,
                "1": 0.06598832031027058,
                "2": 0.059530979946258,
                "3": 0.5336404709834938,
                "4": 0.20766939881166768
            }
        },
        "hiddenLayerToOutput": {
            "0": 0.43919276143990693,
            "1": 0.14712658887171115,
            "2": 0.9237234948392709,
            "3": 0.8762754038429466,
            "4": 0.4854660700326253
        }
    },
    "6": {
        "inputLayerToHiddenLayer": {
            "0": {
                "0": 0.4950688106165043,
                "1": 0.8243168947311801,
                "2": 0.12803250759701335,
                "3": 0.3310919535929093,
                "4": 0.9816686329433518
            },
            "1": {
                "0": 0.06040654612754959,
                "1": 0.4592467107301328,
                "2": 0.4666113703837579,
                "3": 0.5598355735968595,